{
    "Precision": 0.5952380952380952,
    "Recall": 0.18518518518518517,
    "Accuracy": 0.5766666666666667,
    "F1": 0.2824858757062147
}